city_id,city,country,region,currency,fx_local_per_usd,city_tier,popularity_weight,launch_date
1,New York,USA,North America,USD,1.0,1,1.0,2024-08-28
2,Las Vegas,USA,North America,USD,1.0,1,0.85,2022-08-20
3,Orlando,USA,North America,USD,1.0,2,0.7,2022-12-27
4,London,UK,Europe,GBP,0.79,1,0.95,2023-08-17
5,Paris,France,Europe,EUR,0.92,1,0.92,2023-08-23
6,Rome,Italy,Europe,EUR,0.92,1,0.78,2022-05-20
7,Barcelona,Spain,Europe,EUR,0.92,2,0.74,2024-09-01
8,Amsterdam,Netherlands,Europe,EUR,0.92,2,0.6,2022-11-10
9,Dubai,UAE,Middle East,AED,3.67,1,0.8,2024-04-29
10,Singapore,Singapore,APAC,SGD,1.35,2,0.55,2024-08-23
11,Tokyo,Japan,APAC,JPY,149.0,1,0.72,2023-05-14
12,Sydney,Australia,APAC,AUD,1.52,2,0.5,2022-01-14
13,Cancun,Mexico,LATAM,MXN,17.8,2,0.52,2022-09-30
14,Istanbul,Turkey,Europe,TRY,34.0,2,0.48,2022-09-02
15,Bangkok,Thailand,APAC,THB,36.0,2,0.46,2022-10-20
