supplier_id,supplier_name,city_id,supplier_tier,commission_rate,onboarded_date
1,Supplier 001,2,2,0.238,2023-04-25
2,Supplier 002,14,2,0.243,2023-11-28
3,Supplier 003,3,2,0.201,2024-02-27
4,Supplier 004,12,2,0.216,2023-07-11
5,Supplier 005,15,3,0.261,2024-05-17
6,Supplier 006,3,2,0.227,2023-11-27
7,Supplier 007,9,3,0.262,2024-11-14
8,Supplier 008,4,2,0.232,2023-04-16
9,Supplier 009,2,2,0.204,2024-10-13
10,Supplier 010,9,2,0.231,2023-05-11
11,Supplier 011,11,2,0.224,2023-03-14
12,Supplier 012,9,1,0.194,2023-04-08
13,Supplier 013,11,3,0.241,2025-03-26
14,Supplier 014,11,2,0.207,2025-02-27
15,Supplier 015,2,3,0.289,2024-11-27
16,Supplier 016,8,3,0.273,2023-11-10
17,Supplier 017,7,2,0.213,2023-11-20
18,Supplier 018,6,2,0.216,2022-10-21
19,Supplier 019,3,1,0.19,2023-02-23
20,Supplier 020,4,3,0.261,2024-01-03
21,Supplier 021,9,2,0.229,2023-04-27
22,Supplier 022,2,1,0.172,2023-05-08
23,Supplier 023,6,1,0.18,2023-06-21
24,Supplier 024,2,3,0.283,2024-11-03
25,Supplier 025,4,2,0.186,2024-04-24
26,Supplier 026,1,1,0.16,2024-05-07
27,Supplier 027,10,2,0.246,2023-01-05
28,Supplier 028,11,3,0.251,2023-06-08
29,Supplier 029,2,3,0.287,2024-07-30
30,Supplier 030,3,2,0.225,2023-11-26
31,Supplier 031,12,3,0.259,2024-10-24
32,Supplier 032,6,2,0.252,2025-01-06
33,Supplier 033,1,2,0.224,2023-08-26
34,Supplier 034,7,2,0.227,2023-08-01
35,Supplier 035,8,1,0.161,2024-12-29
36,Supplier 036,8,2,0.233,2024-07-10
37,Supplier 037,15,2,0.226,2025-03-12
38,Supplier 038,1,2,0.278,2024-02-29
39,Supplier 039,8,2,0.225,2022-12-09
40,Supplier 040,5,2,0.208,2024-07-19
41,Supplier 041,12,3,0.267,2025-03-13
42,Supplier 042,7,1,0.17,2024-12-16
43,Supplier 043,9,3,0.273,2024-07-22
44,Supplier 044,2,3,0.246,2024-09-01
45,Supplier 045,7,2,0.204,2025-02-27
46,Supplier 046,11,2,0.239,2023-09-08
47,Supplier 047,7,2,0.207,2024-07-14
48,Supplier 048,2,1,0.155,2022-11-11
49,Supplier 049,13,3,0.273,2022-10-21
50,Supplier 050,13,2,0.246,2025-03-13
51,Supplier 051,9,2,0.229,2023-05-08
52,Supplier 052,11,2,0.196,2022-12-01
53,Supplier 053,2,3,0.266,2024-08-28
54,Supplier 054,3,2,0.198,2024-07-23
55,Supplier 055,11,3,0.27,2024-06-26
56,Supplier 056,2,1,0.208,2024-07-24
57,Supplier 057,9,1,0.179,2024-12-04
58,Supplier 058,9,2,0.202,2023-02-14
59,Supplier 059,10,3,0.271,2023-04-09
60,Supplier 060,2,3,0.26,2022-11-08
61,Supplier 061,6,3,0.297,2024-07-05
62,Supplier 062,4,3,0.266,2023-10-12
63,Supplier 063,9,1,0.182,2023-11-19
64,Supplier 064,6,3,0.308,2024-10-20
65,Supplier 065,11,2,0.208,2022-12-14
66,Supplier 066,1,1,0.165,2024-08-19
67,Supplier 067,3,2,0.199,2023-04-15
68,Supplier 068,13,2,0.209,2024-12-15
69,Supplier 069,6,3,0.235,2024-04-30
70,Supplier 070,6,2,0.194,2022-10-19
71,Supplier 071,12,1,0.157,2023-05-31
72,Supplier 072,8,1,0.215,2024-06-19
73,Supplier 073,2,3,0.279,2024-06-26
74,Supplier 074,4,1,0.153,2023-12-02
75,Supplier 075,1,1,0.169,2025-03-13
76,Supplier 076,8,3,0.273,2023-03-18
77,Supplier 077,7,3,0.256,2024-06-19
78,Supplier 078,1,1,0.236,2024-09-08
79,Supplier 079,8,2,0.205,2024-08-20
80,Supplier 080,5,2,0.198,2025-01-08
81,Supplier 081,1,3,0.235,2023-03-13
82,Supplier 082,12,3,0.248,2024-06-17
83,Supplier 083,11,2,0.214,2023-04-11
84,Supplier 084,2,2,0.223,2022-11-13
85,Supplier 085,6,2,0.224,2023-02-20
86,Supplier 086,4,1,0.145,2024-11-04
87,Supplier 087,3,2,0.237,2024-03-22
88,Supplier 088,4,2,0.199,2024-09-02
89,Supplier 089,14,3,0.305,2024-07-08
90,Supplier 090,4,2,0.255,2024-01-17
91,Supplier 091,11,2,0.221,2023-08-23
92,Supplier 092,4,3,0.246,2023-10-12
93,Supplier 093,12,1,0.203,2023-07-16
94,Supplier 094,2,3,0.285,2023-12-18
95,Supplier 095,2,3,0.26,2022-12-11
96,Supplier 096,8,3,0.256,2022-12-15
97,Supplier 097,4,2,0.207,2022-12-02
98,Supplier 098,8,1,0.203,2025-03-25
99,Supplier 099,6,2,0.221,2023-11-03
100,Supplier 100,11,2,0.179,2024-11-27
101,Supplier 101,2,1,0.21,2022-12-15
102,Supplier 102,9,2,0.209,2024-09-26
103,Supplier 103,5,3,0.275,2023-08-06
104,Supplier 104,4,2,0.217,2024-06-24
105,Supplier 105,2,3,0.249,2024-11-11
106,Supplier 106,5,3,0.255,2022-11-29
107,Supplier 107,11,2,0.22,2022-12-11
108,Supplier 108,15,3,0.287,2024-03-16
109,Supplier 109,12,2,0.18,2024-12-16
110,Supplier 110,8,3,0.272,2025-01-05
111,Supplier 111,12,2,0.188,2024-02-18
112,Supplier 112,6,2,0.23,2023-06-07
113,Supplier 113,2,3,0.271,2023-04-29
114,Supplier 114,4,3,0.284,2023-08-11
115,Supplier 115,9,3,0.285,2022-10-15
116,Supplier 116,13,1,0.166,2024-02-19
117,Supplier 117,11,1,0.172,2024-11-24
118,Supplier 118,9,1,0.178,2024-11-12
119,Supplier 119,8,3,0.24,2025-02-14
120,Supplier 120,12,1,0.195,2022-11-12
121,Supplier 121,11,3,0.297,2022-12-18
122,Supplier 122,1,2,0.247,2023-11-25
123,Supplier 123,12,1,0.15,2023-09-12
124,Supplier 124,3,2,0.236,2023-12-18
125,Supplier 125,8,1,0.159,2022-11-01
126,Supplier 126,1,3,0.233,2024-03-27
127,Supplier 127,1,1,0.159,2024-10-28
128,Supplier 128,6,3,0.266,2023-02-06
129,Supplier 129,2,3,0.263,2023-11-03
130,Supplier 130,8,3,0.263,2024-02-28
131,Supplier 131,2,2,0.227,2022-12-07
132,Supplier 132,6,1,0.181,2022-11-30
133,Supplier 133,4,2,0.227,2024-07-25
134,Supplier 134,9,2,0.203,2023-03-07
135,Supplier 135,8,2,0.211,2024-09-18
136,Supplier 136,6,2,0.242,2025-01-06
137,Supplier 137,8,3,0.264,2023-11-03
138,Supplier 138,9,2,0.213,2024-05-28
139,Supplier 139,6,2,0.272,2023-11-24
140,Supplier 140,7,3,0.272,2024-12-07
141,Supplier 141,7,2,0.204,2022-12-25
142,Supplier 142,4,3,0.283,2023-02-10
143,Supplier 143,1,2,0.229,2023-03-06
144,Supplier 144,2,2,0.183,2023-01-10
145,Supplier 145,12,3,0.297,2025-03-19
146,Supplier 146,2,2,0.19,2023-12-31
147,Supplier 147,15,3,0.279,2024-05-08
148,Supplier 148,4,3,0.239,2023-05-25
149,Supplier 149,9,1,0.196,2024-04-17
150,Supplier 150,7,1,0.166,2024-03-22
