experience_id,experience_name,city_id,supplier_id,category,base_price_usd,duration_hours,max_group_size,popularity,listed_date
1,Museums Experience 001,15,147,Museums & Exhibits,49.05,4.6,30,3.443,2024-03-08
2,Water Experience 002,1,75,Water Activities,123.74,2.4,8,3.97,2023-10-21
3,Shows Experience 003,1,127,Shows & Concerts,135.94,4.9,6,0.752,2024-10-21
4,Water Experience 004,4,20,Water Activities,158.39,7.1,15,1.075,2023-08-20
5,Water Experience 005,5,40,Water Activities,107.54,7.1,20,1.751,2024-03-20
6,Food Experience 006,7,141,Food & Drink,112.52,5.0,30,0.424,2023-07-05
7,Attraction Experience 007,2,73,Attraction Tickets,66.28,3.7,8,1.325,2024-06-27
8,Shows Experience 008,1,38,Shows & Concerts,176.53,1.1,10,1.49,2023-06-22
9,Food Experience 009,10,27,Food & Drink,157.91,7.1,15,3.444,2024-01-14
10,Guided Experience 010,10,59,Guided Tours,118.2,6.9,20,0.403,2023-05-28
11,Museums Experience 011,7,45,Museums & Exhibits,53.88,6.9,30,0.329,2023-12-31
12,Attraction Experience 012,5,103,Attraction Tickets,26.84,8.9,30,0.847,2025-01-05
13,Guided Experience 013,15,37,Guided Tours,119.37,7.4,8,3.311,2024-06-17
14,Guided Experience 014,12,145,Guided Tours,77.27,6.4,20,1.974,2025-03-07
15,Attraction Experience 015,11,91,Attraction Tickets,58.27,2.9,6,2.252,2023-08-05
16,Food Experience 016,12,109,Food & Drink,104.18,4.2,20,0.689,2025-03-29
17,Guided Experience 017,9,138,Guided Tours,125.28,3.4,20,4.082,2024-10-17
18,Attraction Experience 018,5,103,Attraction Tickets,64.9,3.7,10,0.381,2024-09-21
19,Food Experience 019,11,100,Food & Drink,79.08,5.6,8,0.924,2023-05-03
20,Water Experience 020,10,59,Water Activities,116.7,2.1,6,0.876,2024-02-10
21,Day Experience 021,1,75,Day Trips & Excursions,73.36,3.7,10,0.519,2024-11-11
22,Museums Experience 022,15,37,Museums & Exhibits,38.01,2.9,15,0.919,2023-10-23
23,Day Experience 023,13,50,Day Trips & Excursions,211.04,3.4,30,2.371,2024-03-27
24,Guided Experience 024,4,62,Guided Tours,127.43,7.3,15,1.751,2024-12-14
25,Museums Experience 025,6,128,Museums & Exhibits,54.8,8.2,8,0.766,2024-05-03
26,Guided Experience 026,3,87,Guided Tours,50.19,5.1,30,0.817,2024-03-04
27,Museums Experience 027,1,75,Museums & Exhibits,21.81,1.5,30,0.574,2023-05-31
28,Water Experience 028,7,47,Water Activities,58.66,1.5,30,0.425,2024-08-26
29,Museums Experience 029,3,67,Museums & Exhibits,32.58,1.9,10,2.144,2024-09-02
30,Attraction Experience 030,1,127,Attraction Tickets,47.03,7.2,10,0.196,2024-04-11
31,Guided Experience 031,4,133,Guided Tours,64.25,2.8,20,0.219,2024-08-19
32,Food Experience 032,14,2,Food & Drink,97.99,1.4,8,1.84,2025-02-27
33,Attraction Experience 033,14,2,Attraction Tickets,33.47,6.0,10,2.409,2025-03-26
34,Guided Experience 034,8,39,Guided Tours,124.94,6.0,10,1.381,2024-02-13
35,Museums Experience 035,11,14,Museums & Exhibits,27.41,5.8,30,0.959,2023-08-12
36,Water Experience 036,5,106,Water Activities,104.13,2.7,15,2.132,2023-09-10
37,Water Experience 037,4,88,Water Activities,55.07,2.3,15,0.133,2025-02-06
38,Day Experience 038,10,59,Day Trips & Excursions,130.26,2.0,20,1.576,2023-11-01
39,Attraction Experience 039,9,12,Attraction Tickets,47.83,1.1,15,0.293,2024-12-01
40,Day Experience 040,8,137,Day Trips & Excursions,240.49,6.0,8,1.317,2025-01-03
41,Food Experience 041,1,66,Food & Drink,78.9,1.1,6,1.76,2024-02-10
42,Water Experience 042,3,54,Water Activities,93.12,4.2,20,0.534,2023-07-30
43,Water Experience 043,10,59,Water Activities,178.93,5.1,30,0.319,2024-03-01
44,Day Experience 044,11,11,Day Trips & Excursions,147.51,4.2,6,0.683,2024-04-02
45,Day Experience 045,2,101,Day Trips & Excursions,103.9,8.3,8,3.672,2023-05-29
46,Museums Experience 046,6,32,Museums & Exhibits,50.5,6.9,15,1.302,2023-11-05
47,Museums Experience 047,11,100,Museums & Exhibits,21.87,7.4,15,0.885,2024-02-28
48,Food Experience 048,3,3,Food & Drink,47.66,6.8,30,4.848,2023-10-29
49,Shows Experience 049,5,106,Shows & Concerts,218.27,5.8,15,2.487,2024-08-21
50,Attraction Experience 050,6,139,Attraction Tickets,41.97,2.3,8,1.607,2024-11-15
51,Attraction Experience 051,5,103,Attraction Tickets,35.96,8.0,10,0.238,2023-06-03
52,Museums Experience 052,3,19,Museums & Exhibits,37.31,1.4,6,0.716,2024-11-22
53,Guided Experience 053,15,37,Guided Tours,89.55,3.4,8,0.094,2024-01-01
54,Water Experience 054,13,116,Water Activities,217.38,1.6,10,0.383,2023-07-10
55,Guided Experience 055,4,25,Guided Tours,49.7,5.3,15,0.154,2024-03-10
56,Food Experience 056,4,25,Food & Drink,142.97,3.4,30,0.648,2024-12-10
57,Attraction Experience 057,5,80,Attraction Tickets,59.76,2.0,8,4.027,2023-10-17
58,Day Experience 058,2,131,Day Trips & Excursions,230.83,4.6,8,0.595,2024-09-28
59,Attraction Experience 059,10,27,Attraction Tickets,64.36,3.0,8,0.463,2023-08-15
60,Attraction Experience 060,2,29,Attraction Tickets,64.96,4.9,10,0.726,2023-06-13
61,Water Experience 061,7,47,Water Activities,72.4,4.9,30,1.273,2024-06-01
62,Day Experience 062,2,144,Day Trips & Excursions,109.47,2.0,6,1.17,2024-03-09
63,Museums Experience 063,4,142,Museums & Exhibits,35.21,2.5,30,1.621,2024-02-01
64,Water Experience 064,12,145,Water Activities,129.69,3.7,15,1.846,2023-10-30
65,Attraction Experience 065,5,40,Attraction Tickets,53.02,2.7,8,1.265,2023-09-23
66,Day Experience 066,6,136,Day Trips & Excursions,70.44,1.5,10,0.268,2024-01-10
67,Food Experience 067,2,60,Food & Drink,117.71,3.6,10,1.535,2024-12-16
68,Day Experience 068,6,128,Day Trips & Excursions,183.94,3.7,15,1.835,2023-12-27
69,Museums Experience 069,9,12,Museums & Exhibits,19.49,7.0,8,0.252,2023-08-18
70,Water Experience 070,7,150,Water Activities,101.42,6.9,10,3.767,2023-12-27
71,Guided Experience 071,7,45,Guided Tours,90.89,6.2,10,1.42,2023-11-15
72,Food Experience 072,5,80,Food & Drink,59.47,6.2,20,1.689,2024-05-28
73,Museums Experience 073,1,122,Museums & Exhibits,25.32,3.0,30,0.783,2024-08-16
74,Museums Experience 074,2,95,Museums & Exhibits,23.13,8.3,20,2.1,2024-09-21
75,Food Experience 075,7,34,Food & Drink,154.59,6.0,6,0.056,2023-11-28
76,Food Experience 076,15,37,Food & Drink,123.82,8.0,30,1.895,2024-06-26
77,Guided Experience 077,6,99,Guided Tours,125.4,4.9,10,0.467,2023-06-16
78,Water Experience 078,5,103,Water Activities,205.15,8.8,6,1.981,2024-10-13
79,Guided Experience 079,11,100,Guided Tours,88.06,6.2,15,0.263,2023-10-16
80,Food Experience 080,4,74,Food & Drink,92.15,7.9,15,3.709,2024-02-16
81,Attraction Experience 081,1,33,Attraction Tickets,60.89,7.2,15,3.689,2024-08-09
82,Food Experience 082,5,40,Food & Drink,67.15,6.0,30,1.539,2023-05-03
83,Shows Experience 083,15,147,Shows & Concerts,95.88,8.1,8,1.819,2025-02-12
84,Shows Experience 084,2,95,Shows & Concerts,105.85,5.0,8,0.98,2023-08-28
85,Attraction Experience 085,9,115,Attraction Tickets,69.97,6.8,6,1.193,2023-05-08
86,Day Experience 086,4,148,Day Trips & Excursions,150.71,3.8,8,2.066,2024-05-14
87,Museums Experience 087,12,120,Museums & Exhibits,33.42,7.4,8,2.467,2023-09-05
88,Guided Experience 088,13,50,Guided Tours,127.91,5.3,8,3.019,2024-12-22
89,Guided Experience 089,1,26,Guided Tours,83.63,6.2,20,1.019,2025-04-01
90,Attraction Experience 090,2,129,Attraction Tickets,63.74,7.6,6,0.503,2024-12-20
91,Food Experience 091,5,40,Food & Drink,74.61,7.0,20,1.309,2023-11-02
92,Day Experience 092,5,80,Day Trips & Excursions,109.59,1.7,10,1.283,2024-10-30
93,Attraction Experience 093,3,6,Attraction Tickets,42.93,6.2,8,2.688,2023-09-03
94,Guided Experience 094,5,80,Guided Tours,137.56,2.8,10,0.026,2023-07-29
95,Guided Experience 095,4,97,Guided Tours,96.64,6.7,10,0.524,2023-11-04
96,Museums Experience 096,1,26,Museums & Exhibits,35.99,7.1,6,1.14,2024-02-05
97,Guided Experience 097,7,141,Guided Tours,67.07,5.5,15,1.797,2024-07-06
98,Day Experience 098,1,122,Day Trips & Excursions,110.33,2.4,30,0.943,2025-04-01
99,Water Experience 099,6,136,Water Activities,209.04,5.7,10,2.312,2024-05-03
100,Attraction Experience 100,9,12,Attraction Tickets,29.46,2.4,6,0.285,2024-11-03
101,Guided Experience 101,12,31,Guided Tours,76.08,3.1,30,0.512,2024-08-20
102,Water Experience 102,3,54,Water Activities,208.04,1.9,10,0.013,2023-07-20
103,Guided Experience 103,2,94,Guided Tours,115.43,9.0,10,3.345,2023-08-14
104,Attraction Experience 104,5,40,Attraction Tickets,67.69,2.4,20,2.007,2024-08-18
105,Food Experience 105,7,150,Food & Drink,156.65,5.7,10,1.367,2024-04-21
106,Guided Experience 106,4,20,Guided Tours,50.33,3.9,20,3.316,2024-11-17
107,Water Experience 107,6,69,Water Activities,207.55,3.6,8,0.127,2024-01-14
108,Day Experience 108,8,79,Day Trips & Excursions,195.16,3.8,6,0.613,2024-05-13
109,Day Experience 109,2,53,Day Trips & Excursions,207.39,5.5,20,1.379,2024-12-06
110,Food Experience 110,4,114,Food & Drink,151.66,1.4,15,2.148,2023-09-01
111,Attraction Experience 111,5,106,Attraction Tickets,51.05,6.4,30,1.293,2023-06-25
112,Day Experience 112,1,81,Day Trips & Excursions,231.91,1.0,15,0.083,2023-10-29
113,Museums Experience 113,4,114,Museums & Exhibits,31.8,2.3,10,2.439,2023-07-26
114,Guided Experience 114,7,140,Guided Tours,136.54,2.5,30,0.192,2024-03-22
115,Shows Experience 115,13,68,Shows & Concerts,86.29,5.5,15,2.091,2024-07-13
116,Museums Experience 116,8,137,Museums & Exhibits,31.69,7.4,8,0.914,2024-06-08
117,Shows Experience 117,4,133,Shows & Concerts,287.33,4.7,10,1.052,2024-09-01
118,Shows Experience 118,2,101,Shows & Concerts,157.95,4.7,30,0.196,2023-12-21
119,Food Experience 119,3,54,Food & Drink,66.67,8.6,8,0.111,2024-12-25
120,Day Experience 120,11,52,Day Trips & Excursions,85.34,6.1,10,2.161,2023-05-20
121,Day Experience 121,6,70,Day Trips & Excursions,171.57,1.3,8,0.424,2025-03-07
122,Food Experience 122,4,104,Food & Drink,50.19,1.9,8,2.011,2023-07-09
123,Museums Experience 123,12,4,Museums & Exhibits,37.79,4.2,20,0.777,2024-12-13
124,Guided Experience 124,1,75,Guided Tours,71.07,8.7,8,0.886,2023-05-24
125,Attraction Experience 125,13,49,Attraction Tickets,62.35,8.5,15,2.448,2023-11-23
126,Day Experience 126,11,13,Day Trips & Excursions,173.26,6.6,20,1.624,2024-03-16
127,Museums Experience 127,6,70,Museums & Exhibits,31.38,1.6,15,1.376,2024-07-05
128,Guided Experience 128,6,128,Guided Tours,101.22,2.6,8,0.749,2023-06-20
129,Day Experience 129,3,124,Day Trips & Excursions,247.87,1.4,10,0.25,2024-04-05
130,Guided Experience 130,1,33,Guided Tours,96.86,6.0,20,1.577,2024-11-16
131,Museums Experience 131,11,14,Museums & Exhibits,49.97,1.7,10,3.282,2024-01-25
132,Shows Experience 132,6,61,Shows & Concerts,158.36,2.5,15,1.038,2023-06-10
133,Guided Experience 133,9,43,Guided Tours,83.48,2.4,20,2.612,2023-12-18
134,Water Experience 134,3,124,Water Activities,134.6,4.5,8,1.552,2025-01-16
135,Food Experience 135,6,139,Food & Drink,93.5,2.8,20,1.717,2024-05-02
136,Shows Experience 136,1,122,Shows & Concerts,181.94,1.5,20,0.952,2023-05-16
137,Water Experience 137,9,134,Water Activities,122.79,6.0,8,1.142,2023-10-02
138,Water Experience 138,9,51,Water Activities,213.3,7.5,10,0.528,2023-12-18
139,Food Experience 139,10,59,Food & Drink,69.78,2.6,10,0.137,2024-05-15
140,Guided Experience 140,11,83,Guided Tours,67.26,3.3,8,0.876,2023-07-15
141,Water Experience 141,13,68,Water Activities,170.39,4.8,20,0.557,2023-10-17
142,Guided Experience 142,4,25,Guided Tours,52.73,1.6,10,0.687,2024-08-29
143,Shows Experience 143,11,55,Shows & Concerts,271.92,2.9,10,0.348,2023-10-26
144,Guided Experience 144,3,19,Guided Tours,79.21,2.0,6,5.107,2024-05-09
145,Museums Experience 145,4,88,Museums & Exhibits,26.73,5.0,15,1.518,2024-07-17
146,Shows Experience 146,13,68,Shows & Concerts,219.51,7.3,10,1.021,2023-05-03
147,Shows Experience 147,1,78,Shows & Concerts,184.07,5.5,20,2.096,2025-03-21
148,Museums Experience 148,12,109,Museums & Exhibits,26.33,9.0,20,2.311,2025-01-15
149,Guided Experience 149,13,116,Guided Tours,80.17,8.5,10,1.152,2024-08-24
150,Shows Experience 150,7,45,Shows & Concerts,104.15,8.6,20,0.195,2024-09-06
151,Attraction Experience 151,12,82,Attraction Tickets,33.64,3.1,30,2.349,2023-12-12
152,Day Experience 152,2,144,Day Trips & Excursions,224.75,8.7,15,0.476,2023-12-14
153,Museums Experience 153,6,61,Museums & Exhibits,27.36,4.0,20,1.035,2024-06-03
154,Shows Experience 154,3,87,Shows & Concerts,208.5,2.7,30,0.052,2025-03-29
155,Water Experience 155,11,65,Water Activities,117.19,2.5,8,0.178,2025-01-29
156,Food Experience 156,5,40,Food & Drink,144.11,8.9,6,1.081,2024-05-01
157,Guided Experience 157,5,80,Guided Tours,64.59,1.8,10,0.405,2023-06-25
158,Guided Experience 158,3,30,Guided Tours,86.38,8.3,15,1.929,2024-11-23
159,Shows Experience 159,4,133,Shows & Concerts,126.23,4.2,30,1.357,2024-09-22
160,Shows Experience 160,12,41,Shows & Concerts,69.13,7.3,6,2.034,2024-06-26
161,Shows Experience 161,14,2,Shows & Concerts,280.58,7.9,15,4.032,2023-08-15
162,Food Experience 162,9,43,Food & Drink,59.75,6.8,30,1.613,2023-10-18
163,Guided Experience 163,13,50,Guided Tours,114.48,3.3,10,1.921,2024-03-28
164,Day Experience 164,3,3,Day Trips & Excursions,166.0,7.3,30,3.092,2024-04-14
165,Water Experience 165,4,142,Water Activities,165.26,7.4,10,1.019,2023-11-03
166,Water Experience 166,10,59,Water Activities,217.31,4.8,6,0.388,2023-06-29
167,Shows Experience 167,1,143,Shows & Concerts,287.64,4.1,15,1.611,2024-06-17
168,Water Experience 168,13,116,Water Activities,180.93,6.3,30,0.18,2024-09-03
169,Food Experience 169,1,127,Food & Drink,126.87,1.4,10,0.753,2024-10-29
170,Water Experience 170,13,50,Water Activities,117.39,7.0,15,2.525,2025-03-11
171,Guided Experience 171,13,50,Guided Tours,128.57,7.2,20,0.317,2023-10-27
172,Day Experience 172,3,6,Day Trips & Excursions,252.12,7.0,30,0.789,2025-03-13
173,Attraction Experience 173,6,85,Attraction Tickets,53.82,7.5,6,2.806,2024-05-22
174,Attraction Experience 174,8,76,Attraction Tickets,68.76,3.7,20,1.415,2024-12-24
175,Attraction Experience 175,3,6,Attraction Tickets,30.4,1.6,6,0.658,2025-01-28
176,Water Experience 176,12,31,Water Activities,181.65,6.1,10,1.309,2024-02-20
177,Day Experience 177,10,59,Day Trips & Excursions,135.75,7.4,20,0.266,2024-05-23
178,Water Experience 178,2,29,Water Activities,193.15,7.9,30,0.29,2024-10-11
179,Guided Experience 179,11,13,Guided Tours,61.66,3.4,30,0.58,2024-08-29
180,Day Experience 180,4,92,Day Trips & Excursions,188.15,2.1,8,5.917,2024-03-10
181,Food Experience 181,9,115,Food & Drink,53.52,1.7,30,0.413,2023-12-11
182,Water Experience 182,6,61,Water Activities,90.3,7.1,30,0.948,2023-10-29
183,Attraction Experience 183,7,47,Attraction Tickets,66.76,5.8,30,0.275,2024-01-24
184,Day Experience 184,1,126,Day Trips & Excursions,161.5,4.7,30,0.451,2024-04-06
185,Shows Experience 185,6,139,Shows & Concerts,116.4,4.5,10,0.167,2024-11-26
186,Shows Experience 186,10,59,Shows & Concerts,208.2,2.3,10,1.107,2025-03-10
187,Day Experience 187,4,97,Day Trips & Excursions,148.33,8.2,30,1.373,2024-01-08
188,Food Experience 188,11,65,Food & Drink,159.87,3.0,20,0.091,2023-08-16
189,Water Experience 189,8,39,Water Activities,218.35,7.9,10,1.893,2023-05-07
190,Day Experience 190,3,124,Day Trips & Excursions,228.24,8.9,10,2.186,2024-03-28
191,Shows Experience 191,13,116,Shows & Concerts,129.97,5.5,8,0.379,2023-09-21
192,Day Experience 192,9,58,Day Trips & Excursions,212.34,2.0,10,0.499,2024-06-20
193,Museums Experience 193,12,41,Museums & Exhibits,26.43,1.2,30,1.304,2024-05-24
194,Guided Experience 194,3,19,Guided Tours,67.5,5.7,20,2.184,2023-12-29
195,Attraction Experience 195,12,4,Attraction Tickets,52.3,1.6,10,2.157,2024-12-14
196,Attraction Experience 196,13,116,Attraction Tickets,33.04,2.2,30,2.194,2025-03-25
197,Attraction Experience 197,9,21,Attraction Tickets,51.97,3.4,30,0.407,2023-11-11
198,Water Experience 198,5,80,Water Activities,57.81,1.1,8,3.636,2024-10-26
199,Guided Experience 199,9,57,Guided Tours,117.66,1.8,30,0.197,2024-01-30
200,Shows Experience 200,8,96,Shows & Concerts,71.06,4.3,6,0.718,2024-10-12
201,Food Experience 201,12,31,Food & Drink,68.16,8.4,15,2.074,2023-06-24
202,Museums Experience 202,1,143,Museums & Exhibits,53.9,5.4,20,1.823,2023-10-15
203,Attraction Experience 203,12,4,Attraction Tickets,52.66,2.2,15,0.692,2024-01-28
204,Shows Experience 204,1,126,Shows & Concerts,280.73,3.5,30,3.01,2023-11-08
205,Attraction Experience 205,10,59,Attraction Tickets,32.87,8.5,15,0.15,2024-07-17
206,Museums Experience 206,3,67,Museums & Exhibits,31.99,5.9,10,0.357,2023-08-09
207,Attraction Experience 207,4,142,Attraction Tickets,69.43,6.4,30,0.886,2023-12-03
208,Day Experience 208,1,66,Day Trips & Excursions,213.22,7.8,20,1.563,2024-05-04
209,Attraction Experience 209,12,93,Attraction Tickets,67.88,8.1,20,0.971,2024-05-24
210,Guided Experience 210,2,60,Guided Tours,108.75,2.1,8,1.895,2024-12-16
211,Food Experience 211,5,80,Food & Drink,77.16,4.0,8,1.388,2024-04-01
212,Day Experience 212,2,95,Day Trips & Excursions,117.18,7.5,6,1.9,2025-03-23
213,Guided Experience 213,7,45,Guided Tours,42.18,4.4,20,1.503,2024-02-11
214,Water Experience 214,11,13,Water Activities,53.79,3.3,20,2.693,2023-06-12
215,Guided Experience 215,9,118,Guided Tours,138.1,5.4,15,0.823,2023-06-21
216,Attraction Experience 216,5,40,Attraction Tickets,25.73,3.6,6,0.383,2023-05-11
217,Day Experience 217,15,37,Day Trips & Excursions,94.88,1.7,15,1.455,2024-05-04
218,Water Experience 218,14,2,Water Activities,215.09,7.9,6,1.419,2024-04-15
219,Day Experience 219,4,88,Day Trips & Excursions,144.08,2.5,20,0.801,2023-08-12
220,Day Experience 220,1,66,Day Trips & Excursions,108.03,6.4,10,0.814,2024-07-01
221,Day Experience 221,5,80,Day Trips & Excursions,206.18,7.8,6,0.587,2024-07-31
222,Attraction Experience 222,3,54,Attraction Tickets,40.42,2.0,30,2.341,2023-07-11
223,Day Experience 223,11,28,Day Trips & Excursions,223.32,6.7,10,0.789,2024-12-31
224,Food Experience 224,15,108,Food & Drink,63.73,2.4,10,1.744,2024-08-05
225,Attraction Experience 225,1,81,Attraction Tickets,36.91,2.9,10,0.919,2023-06-22
226,Day Experience 226,1,66,Day Trips & Excursions,106.66,3.7,10,1.228,2024-09-18
227,Shows Experience 227,1,66,Shows & Concerts,112.55,8.4,6,1.453,2025-03-15
228,Museums Experience 228,7,47,Museums & Exhibits,46.64,8.2,8,1.499,2024-08-24
229,Shows Experience 229,11,55,Shows & Concerts,140.2,9.0,10,0.56,2023-09-15
230,Guided Experience 230,1,126,Guided Tours,43.42,5.8,15,0.977,2023-12-29
231,Water Experience 231,2,129,Water Activities,120.41,3.1,30,1.911,2024-09-20
232,Attraction Experience 232,6,69,Attraction Tickets,37.17,3.6,20,1.525,2023-07-26
233,Food Experience 233,5,103,Food & Drink,102.81,5.5,15,1.497,2024-10-03
234,Museums Experience 234,12,82,Museums & Exhibits,53.88,7.7,6,0.887,2024-10-04
235,Food Experience 235,7,34,Food & Drink,139.1,8.4,30,3.278,2024-12-04
236,Day Experience 236,8,35,Day Trips & Excursions,81.18,1.5,15,0.474,2023-11-14
237,Attraction Experience 237,4,90,Attraction Tickets,30.34,2.5,8,0.401,2023-12-24
238,Day Experience 238,8,72,Day Trips & Excursions,154.1,9.0,20,0.766,2023-11-16
239,Guided Experience 239,13,50,Guided Tours,132.24,8.4,15,3.253,2024-04-29
240,Day Experience 240,4,148,Day Trips & Excursions,155.97,8.2,30,0.958,2024-07-27
241,Shows Experience 241,10,27,Shows & Concerts,70.08,6.2,10,0.891,2025-02-13
242,Museums Experience 242,14,2,Museums & Exhibits,50.42,3.9,30,1.134,2023-10-26
243,Water Experience 243,4,92,Water Activities,112.71,2.6,20,1.309,2025-02-18
244,Day Experience 244,9,21,Day Trips & Excursions,135.62,4.0,8,0.751,2024-07-04
245,Day Experience 245,15,108,Day Trips & Excursions,242.86,4.4,30,1.826,2024-04-01
246,Water Experience 246,15,108,Water Activities,65.77,7.0,6,0.52,2024-05-16
247,Water Experience 247,10,59,Water Activities,156.92,7.7,15,0.584,2023-08-02
248,Attraction Experience 248,1,127,Attraction Tickets,34.73,4.4,6,5.663,2024-03-08
249,Shows Experience 249,5,40,Shows & Concerts,113.13,7.1,6,0.418,2023-11-26
250,Guided Experience 250,4,25,Guided Tours,110.82,3.4,20,0.256,2023-05-22
251,Shows Experience 251,10,27,Shows & Concerts,61.26,7.1,8,3.084,2025-03-02
252,Museums Experience 252,6,70,Museums & Exhibits,30.01,5.8,15,1.678,2024-05-31
253,Water Experience 253,15,147,Water Activities,115.4,3.3,8,1.06,2025-02-05
254,Water Experience 254,11,14,Water Activities,206.27,4.2,20,1.795,2024-04-19
255,Day Experience 255,4,20,Day Trips & Excursions,109.7,5.0,20,4.796,2023-05-12
256,Day Experience 256,5,103,Day Trips & Excursions,96.33,7.9,20,1.856,2023-09-01
257,Shows Experience 257,8,76,Shows & Concerts,104.28,3.3,6,3.035,2025-02-12
258,Museums Experience 258,1,122,Museums & Exhibits,48.91,1.5,15,0.777,2023-08-07
259,Food Experience 259,3,87,Food & Drink,94.02,5.0,30,0.789,2024-03-14
260,Shows Experience 260,2,146,Shows & Concerts,73.45,6.3,30,3.516,2023-08-29
261,Water Experience 261,4,104,Water Activities,112.32,3.6,20,0.986,2024-06-12
262,Museums Experience 262,4,74,Museums & Exhibits,23.55,2.1,10,0.051,2024-07-20
263,Attraction Experience 263,12,111,Attraction Tickets,31.78,7.1,8,1.229,2024-10-17
264,Day Experience 264,1,143,Day Trips & Excursions,83.65,3.9,15,3.768,2023-10-26
265,Guided Experience 265,8,16,Guided Tours,65.76,5.4,15,0.637,2023-05-09
266,Shows Experience 266,11,83,Shows & Concerts,292.06,5.4,20,0.346,2023-10-22
267,Food Experience 267,4,74,Food & Drink,123.42,5.3,30,0.443,2023-06-19
268,Day Experience 268,2,60,Day Trips & Excursions,170.25,2.0,6,0.51,2024-10-18
269,Water Experience 269,11,14,Water Activities,203.05,6.5,30,0.027,2025-01-24
270,Attraction Experience 270,11,83,Attraction Tickets,57.33,6.6,8,0.206,2023-08-31
271,Guided Experience 271,8,137,Guided Tours,83.71,2.3,6,1.217,2023-12-23
272,Day Experience 272,7,34,Day Trips & Excursions,178.6,5.7,20,0.832,2024-04-30
273,Shows Experience 273,9,63,Shows & Concerts,226.8,5.3,6,0.633,2023-11-14
274,Attraction Experience 274,2,94,Attraction Tickets,48.73,2.8,6,0.499,2024-09-22
275,Day Experience 275,12,120,Day Trips & Excursions,182.36,7.9,6,0.68,2024-02-11
276,Guided Experience 276,7,140,Guided Tours,45.04,4.0,30,1.384,2024-07-18
277,Museums Experience 277,7,150,Museums & Exhibits,21.91,4.1,30,2.811,2024-10-19
278,Shows Experience 278,11,100,Shows & Concerts,218.25,1.4,30,0.451,2025-01-14
279,Shows Experience 279,13,116,Shows & Concerts,203.59,5.0,8,2.295,2024-04-01
280,Water Experience 280,9,7,Water Activities,190.96,8.5,15,0.755,2023-06-06
281,Water Experience 281,7,150,Water Activities,128.64,1.8,20,0.701,2024-01-08
282,Day Experience 282,12,41,Day Trips & Excursions,113.07,2.3,10,0.629,2024-12-20
283,Water Experience 283,5,103,Water Activities,205.07,8.2,30,0.839,2024-01-19
284,Food Experience 284,9,134,Food & Drink,118.51,8.7,30,2.333,2024-01-23
285,Guided Experience 285,11,83,Guided Tours,41.24,4.5,15,1.142,2024-07-11
286,Attraction Experience 286,4,86,Attraction Tickets,41.89,3.6,30,2.424,2024-03-28
287,Guided Experience 287,7,42,Guided Tours,104.37,6.5,30,0.055,2024-04-17
288,Guided Experience 288,4,8,Guided Tours,43.1,7.0,8,3.191,2024-05-12
289,Day Experience 289,8,96,Day Trips & Excursions,77.84,9.0,10,4.322,2024-06-28
290,Shows Experience 290,7,17,Shows & Concerts,274.96,6.6,20,2.0,2023-10-24
291,Attraction Experience 291,2,129,Attraction Tickets,26.17,2.6,10,0.129,2023-06-23
292,Museums Experience 292,6,18,Museums & Exhibits,24.14,7.1,15,3.048,2024-08-10
293,Museums Experience 293,9,138,Museums & Exhibits,28.93,4.3,30,0.521,2025-01-04
294,Food Experience 294,14,89,Food & Drink,121.75,1.3,6,2.376,2024-06-18
295,Water Experience 295,8,36,Water Activities,163.23,7.6,15,0.161,2024-10-21
296,Attraction Experience 296,11,55,Attraction Tickets,47.24,7.6,30,2.466,2024-09-24
297,Museums Experience 297,13,116,Museums & Exhibits,26.45,4.4,20,3.019,2023-05-31
298,Attraction Experience 298,5,103,Attraction Tickets,35.86,8.1,15,2.132,2024-09-12
299,Guided Experience 299,7,77,Guided Tours,86.44,2.6,20,3.293,2024-06-05
300,Museums Experience 300,11,100,Museums & Exhibits,49.93,6.8,30,2.748,2024-02-24
301,Guided Experience 301,9,118,Guided Tours,139.31,7.0,6,1.872,2023-08-18
302,Guided Experience 302,14,2,Guided Tours,96.55,7.7,20,2.831,2024-06-29
303,Food Experience 303,5,80,Food & Drink,101.54,1.6,20,0.446,2024-10-11
304,Day Experience 304,6,99,Day Trips & Excursions,154.98,5.7,8,0.875,2024-01-28
305,Water Experience 305,6,85,Water Activities,176.76,7.8,8,0.642,2023-09-07
306,Shows Experience 306,8,36,Shows & Concerts,252.18,3.0,10,3.737,2024-09-14
307,Day Experience 307,14,89,Day Trips & Excursions,236.39,2.3,20,3.032,2024-07-09
308,Museums Experience 308,1,127,Museums & Exhibits,50.22,4.1,20,0.716,2024-06-30
309,Attraction Experience 309,10,59,Attraction Tickets,65.16,6.1,20,4.155,2024-05-09
310,Day Experience 310,4,148,Day Trips & Excursions,96.5,5.0,15,3.337,2024-10-09
311,Day Experience 311,1,143,Day Trips & Excursions,167.33,4.3,10,1.843,2024-03-08
312,Water Experience 312,10,27,Water Activities,73.23,1.0,20,0.868,2023-09-30
313,Attraction Experience 313,7,42,Attraction Tickets,37.24,5.2,8,1.895,2024-08-11
314,Museums Experience 314,8,119,Museums & Exhibits,49.24,3.9,10,3.223,2025-01-26
315,Water Experience 315,3,87,Water Activities,134.49,6.8,15,1.016,2024-11-22
316,Food Experience 316,1,127,Food & Drink,136.71,6.4,15,3.584,2023-07-24
317,Water Experience 317,9,58,Water Activities,67.09,8.6,15,0.382,2023-06-28
318,Attraction Experience 318,9,57,Attraction Tickets,69.6,8.1,6,1.638,2023-08-22
319,Shows Experience 319,11,11,Shows & Concerts,228.64,2.1,10,1.344,2024-07-27
320,Attraction Experience 320,2,15,Attraction Tickets,40.81,6.5,20,0.146,2024-01-11
321,Food Experience 321,14,89,Food & Drink,141.12,8.9,20,0.31,2024-07-06
322,Food Experience 322,8,130,Food & Drink,85.63,9.0,6,0.473,2024-01-19
323,Food Experience 323,1,78,Food & Drink,58.69,6.8,20,0.135,2024-02-09
324,Attraction Experience 324,2,24,Attraction Tickets,64.3,1.2,10,0.413,2025-03-01
325,Water Experience 325,4,92,Water Activities,123.88,6.4,15,2.13,2024-02-09
326,Museums Experience 326,14,2,Museums & Exhibits,45.35,7.5,15,2.554,2023-05-16
327,Museums Experience 327,3,67,Museums & Exhibits,35.12,6.1,30,2.698,2024-05-21
328,Food Experience 328,4,97,Food & Drink,50.25,4.5,20,0.813,2024-07-15
329,Day Experience 329,3,6,Day Trips & Excursions,114.19,4.0,15,1.751,2024-02-15
330,Day Experience 330,6,69,Day Trips & Excursions,130.96,6.3,30,1.148,2023-09-09
331,Attraction Experience 331,11,55,Attraction Tickets,43.65,1.8,10,0.998,2024-05-16
332,Water Experience 332,2,56,Water Activities,144.68,6.0,30,0.527,2024-06-18
333,Food Experience 333,1,78,Food & Drink,58.63,4.2,8,0.678,2024-10-09
334,Attraction Experience 334,1,78,Attraction Tickets,29.21,5.4,8,2.363,2024-12-09
335,Food Experience 335,1,38,Food & Drink,57.46,8.9,15,1.277,2023-06-13
336,Food Experience 336,8,110,Food & Drink,55.17,6.0,15,2.722,2023-05-12
337,Food Experience 337,5,80,Food & Drink,62.16,6.2,8,3.147,2023-06-20
338,Day Experience 338,1,143,Day Trips & Excursions,177.88,5.3,6,0.417,2023-06-25
339,Day Experience 339,6,112,Day Trips & Excursions,116.38,6.7,20,3.515,2024-12-14
340,Museums Experience 340,1,143,Museums & Exhibits,42.94,6.5,10,0.506,2024-12-10
341,Day Experience 341,5,103,Day Trips & Excursions,182.92,8.1,30,1.932,2023-11-30
342,Water Experience 342,6,112,Water Activities,64.6,8.9,30,0.107,2024-08-19
343,Museums Experience 343,12,41,Museums & Exhibits,28.49,7.4,6,1.643,2024-12-04
344,Museums Experience 344,13,116,Museums & Exhibits,46.74,5.1,8,1.433,2024-12-15
345,Food Experience 345,2,48,Food & Drink,73.51,8.8,30,0.676,2025-03-24
346,Attraction Experience 346,8,35,Attraction Tickets,49.43,5.6,30,2.412,2024-10-03
347,Guided Experience 347,6,32,Guided Tours,52.82,7.6,8,3.037,2024-01-02
348,Guided Experience 348,10,59,Guided Tours,127.51,1.8,20,0.049,2023-11-17
349,Water Experience 349,1,81,Water Activities,60.32,5.9,15,0.615,2024-10-15
350,Attraction Experience 350,12,120,Attraction Tickets,49.7,6.2,6,1.604,2024-08-28
351,Water Experience 351,15,5,Water Activities,190.97,7.0,6,0.593,2025-01-23
352,Shows Experience 352,11,13,Shows & Concerts,88.8,3.3,8,3.291,2024-02-14
353,Food Experience 353,11,117,Food & Drink,77.04,1.7,15,2.272,2023-11-30
354,Day Experience 354,3,19,Day Trips & Excursions,211.04,3.5,10,0.064,2024-06-30
355,Water Experience 355,4,25,Water Activities,152.41,1.5,10,1.236,2023-08-09
356,Guided Experience 356,3,19,Guided Tours,110.61,2.5,15,5.204,2023-05-13
357,Guided Experience 357,5,103,Guided Tours,116.47,8.8,8,1.659,2023-06-25
358,Shows Experience 358,9,57,Shows & Concerts,124.66,6.2,6,1.168,2023-06-28
359,Museums Experience 359,8,125,Museums & Exhibits,40.84,3.2,8,1.519,2024-04-20
360,Attraction Experience 360,6,99,Attraction Tickets,64.73,4.3,15,6.311,2024-10-12
361,Attraction Experience 361,10,27,Attraction Tickets,25.73,6.8,6,3.257,2024-05-23
362,Shows Experience 362,13,116,Shows & Concerts,218.85,2.8,8,2.874,2024-08-08
363,Day Experience 363,9,10,Day Trips & Excursions,214.58,4.6,20,2.734,2023-10-03
364,Day Experience 364,14,89,Day Trips & Excursions,244.05,1.7,8,3.819,2023-07-29
365,Guided Experience 365,4,86,Guided Tours,135.32,7.1,8,0.27,2024-12-04
366,Shows Experience 366,9,102,Shows & Concerts,228.07,3.4,20,2.935,2024-08-12
367,Shows Experience 367,10,27,Shows & Concerts,177.34,6.4,20,1.137,2023-12-29
368,Shows Experience 368,4,74,Shows & Concerts,146.42,2.5,20,2.554,2024-12-09
369,Guided Experience 369,7,34,Guided Tours,108.89,8.2,15,0.369,2025-01-01
370,Guided Experience 370,1,33,Guided Tours,116.1,7.2,6,6.582,2023-11-14
371,Shows Experience 371,4,86,Shows & Concerts,318.96,6.1,6,0.534,2024-12-01
372,Guided Experience 372,10,59,Guided Tours,58.38,3.8,20,1.257,2023-08-10
373,Food Experience 373,3,3,Food & Drink,53.08,3.5,20,0.765,2024-08-12
374,Museums Experience 374,15,147,Museums & Exhibits,44.45,1.8,6,3.234,2024-12-23
375,Water Experience 375,1,38,Water Activities,217.72,8.9,10,0.662,2024-02-04
376,Attraction Experience 376,1,122,Attraction Tickets,41.41,8.5,20,1.189,2023-08-04
377,Water Experience 377,6,61,Water Activities,59.81,7.9,6,3.186,2024-12-01
378,Day Experience 378,4,25,Day Trips & Excursions,75.1,6.2,20,0.547,2024-11-16
379,Shows Experience 379,7,45,Shows & Concerts,100.12,8.4,20,2.002,2025-01-26
380,Food Experience 380,9,138,Food & Drink,92.92,1.9,30,1.326,2023-06-22
381,Guided Experience 381,5,40,Guided Tours,119.06,7.0,8,5.035,2023-11-28
382,Water Experience 382,1,66,Water Activities,106.2,7.1,8,1.734,2024-09-17
383,Water Experience 383,2,101,Water Activities,165.12,4.9,8,1.798,2023-09-14
384,Attraction Experience 384,2,56,Attraction Tickets,29.5,8.6,8,0.632,2024-04-04
385,Water Experience 385,5,80,Water Activities,202.7,3.4,6,0.514,2024-08-19
386,Day Experience 386,7,34,Day Trips & Excursions,222.36,8.8,15,1.311,2024-08-03
387,Museums Experience 387,4,92,Museums & Exhibits,19.38,3.5,8,0.449,2024-04-24
388,Attraction Experience 388,1,81,Attraction Tickets,56.33,3.7,6,0.615,2025-02-05
389,Museums Experience 389,3,6,Museums & Exhibits,53.21,5.8,8,1.141,2023-10-15
390,Food Experience 390,10,59,Food & Drink,139.28,3.6,30,3.079,2023-11-26
391,Food Experience 391,9,10,Food & Drink,76.7,6.1,6,2.798,2025-03-09
392,Attraction Experience 392,6,99,Attraction Tickets,44.5,5.6,15,1.867,2025-01-28
393,Attraction Experience 393,6,70,Attraction Tickets,59.03,1.2,6,0.166,2023-05-26
394,Food Experience 394,4,148,Food & Drink,159.93,1.5,8,0.295,2024-10-04
395,Day Experience 395,8,16,Day Trips & Excursions,247.34,5.9,10,0.796,2025-02-10
396,Guided Experience 396,1,66,Guided Tours,50.18,1.1,30,0.529,2023-11-02
397,Attraction Experience 397,10,27,Attraction Tickets,52.19,7.8,30,2.524,2023-09-19
398,Attraction Experience 398,3,54,Attraction Tickets,37.37,3.9,8,1.692,2023-06-11
399,Food Experience 399,7,45,Food & Drink,78.62,7.6,10,1.676,2023-07-23
400,Shows Experience 400,2,22,Shows & Concerts,234.69,7.2,8,0.551,2024-04-14
401,Food Experience 401,1,75,Food & Drink,49.45,3.9,15,2.685,2025-01-10
402,Food Experience 402,6,85,Food & Drink,121.7,5.7,30,3.375,2023-12-14
403,Shows Experience 403,4,92,Shows & Concerts,240.45,4.5,6,1.038,2024-08-13
404,Museums Experience 404,1,127,Museums & Exhibits,24.04,1.1,15,1.199,2023-08-12
405,Day Experience 405,6,136,Day Trips & Excursions,124.48,6.5,30,1.894,2023-06-04
406,Food Experience 406,14,89,Food & Drink,75.88,8.8,15,1.429,2024-05-29
407,Museums Experience 407,10,27,Museums & Exhibits,20.77,6.2,30,0.183,2023-06-23
408,Food Experience 408,12,4,Food & Drink,149.33,5.1,10,1.34,2024-03-31
409,Water Experience 409,7,42,Water Activities,162.0,1.4,10,1.331,2025-01-21
410,Food Experience 410,3,19,Food & Drink,135.48,7.9,10,2.336,2024-01-23
411,Attraction Experience 411,9,51,Attraction Tickets,31.94,8.0,20,1.976,2024-06-24
412,Water Experience 412,12,145,Water Activities,144.79,1.6,6,0.01,2024-03-04
413,Food Experience 413,4,92,Food & Drink,45.81,2.5,6,0.046,2024-08-19
414,Attraction Experience 414,5,40,Attraction Tickets,40.15,3.6,30,1.639,2023-07-26
415,Water Experience 415,9,134,Water Activities,50.17,7.3,8,0.698,2024-03-06
416,Attraction Experience 416,13,116,Attraction Tickets,60.63,1.1,10,4.775,2025-03-18
417,Attraction Experience 417,11,46,Attraction Tickets,52.89,8.7,20,0.774,2023-09-24
418,Water Experience 418,6,70,Water Activities,119.62,7.6,10,0.497,2024-03-11
419,Day Experience 419,14,89,Day Trips & Excursions,154.01,5.5,15,2.858,2024-03-02
420,Guided Experience 420,11,91,Guided Tours,114.61,5.7,30,1.907,2023-12-15
